{
    "parent":"item/generated",
    "textures":{
        "layer0":"item/bat_spawn_egg"
    },
    "overrides":[
        { "predicate": { "custom_model_data": 3001}, "model": "item/icons/keys/votekey"},
        { "predicate": { "custom_model_data": 3002}, "model": "item/icons/keys/uniquekey"},
        { "predicate": { "custom_model_data": 3003}, "model": "item/icons/keys/mythicalkey"},
        { "predicate": { "custom_model_data": 3004}, "model": "item/icons/keys/epickey"},
        { "predicate": { "custom_model_data": 3005}, "model": "item/icons/keys/legendarykey"},
		{ "predicate": { "custom_model_data": 10081}, "model": "item/icons/keys/seasonalkey"},
		{ "predicate": { "custom_model_data": 10082}, "model": "item/icons/keys/afkkey"}
    ]
}